{
  "Name": "Availability for Searching an Owner",
  "Description": "Availability larger than 99 for Get Owner operation",
  "SliConfig": {
    "SliMetricConfig": {
      "KeyAttributes": "",
      "OperationName": "GET /api/customer/owners",
      "MetricType": "AVAILABILITY",
      "PeriodSeconds": 60
    },
    "MetricThreshold": 99.0,
    "ComparisonOperator": "GreaterThan"
  },
  "Goal": {
    "Interval": {
      "RollingInterval": {
        "Duration": 1,
        "DurationUnit": "DAY"
      }
    },
    "AttainmentGoal": 99.9,
    "WarningThreshold": 60.0
  }
}
