{
  "Name": "Latency for Searching an Owner",
  "Description": "Latency P99 less than 200 ms for Get Owner operation",
  "SliConfig": {
    "SliMetricConfig": {
      "KeyAttributes": "",
      "OperationName": "GET /api/customer/owners",
      "MetricType": "LATENCY",
      "Statistic": "p99",
      "PeriodSeconds": 60
    },
    "MetricThreshold": 200.0,
    "ComparisonOperator": "LessThan"
  },
  "Goal": {
    "Interval": {
      "RollingInterval": {
        "Duration": 1,
        "DurationUnit": "DAY"
      }
    },
    "AttainmentGoal": 99.9,
    "WarningThreshold": 60.0
  }
}
