{
    "Version": "2012-10-17",
    "Statement": [
        {
            "Effect": "Allow",
            "Action": [
                "s3:PutObject",
                "s3:GetObject"
            ],
            "Resource": [
                "arn:aws:s3:::cw-syn-results-petclinic-*-*/*"
            ]
        },
        {
            "Effect": "Allow",
            "Action": [
                "s3:GetBucketLocation"
            ],
            "Resource": [
                "arn:aws:s3:::cwn-syn-results-petclinic-*-*"
            ]
        },
        {
            "Effect": "Allow",
            "Action": [
                "logs:CreateLogStream",
                "logs:PutLogEvents",
                "logs:CreateLogGroup"
            ],
            "Resource": [
                "arn:aws:logs:*:*:log-group:/aws/lambda/cwsyn-*"
            ]
        },
        {
            "Effect": "Allow",
            "Action": [
                "s3:ListAllMyBuckets",
                "xray:PutTraceSegments"
            ],
            "Resource": [
                "*"
            ]
        },
        {
            "Effect": "Allow",
            "Resource": "*",
            "Action": "cloudwatch:PutMetricData",
            "Condition": {
               "StringEquals": {
                "cloudwatch:namespace": "CloudWatchSynthetics"
               }
            }
        }
    ]
}